{
        "initializer":{
          "lifetime": "240",
          "alpha": "1",
          "size": "0.5",
          "red": "1",
          "green": "1",
          "blue": "1"
        },
        "ticker": {
            "dy": "0.015 * cos((0.25 * AGE)) + 0.075",
            "dx": "(0.01 + RAIN*0.025) * sin((0.1 * AGE)) + RAIN*0.025 + RAIN*0.0075*(RAIN > 0.5)",
            "dz": "(0.01 + RAIN*0.025) * cos((0.1 * AGE))",
            "size": "max(0, SIZE+0.0015)",
            "red": "max(0, RED - 0.0035)",
            "green": "max(0, GREEN - 0.0035)",
            "blue": "max(0, BLUE - 0.0035)"
        },
        "liquid_affinity": "non_liquids",
        "has_physics": true,
        "render_type": "opaque"
}