{
  "ammo": "create_armorer:gas_pistol_ammo",
  "rpm": 960,
  "bullet": {
    "life": 0.6,
    "bullet_amount": 1,
    "damage": 5,
    "tracer_count_interval": 0,
    "extra_damage": {
      "armor_ignore": 0.20,
      "head_shot_multiplier": 1.30,
      "damage_adjust": [
        {"distance": 15, "damage": 5},
        {"distance": 35, "damage": 4},
        {"distance": "infinite", "damage": 3}
      ]
    },
    "speed": 180,
    "gravity": 0.15,
    "knockback": 0,
    "friction": 0.025,
    "ignite": false,
    "pierce": 0
  },
  "ammo_amount": 16,
  "extended_mag_ammo_amount": [
    20,
    25,
    30
  ],
  "bolt": "closed_bolt",
  "reload": {
    "type": "magazine",
    "feed": {
      "empty": 1.75,
      "tactical": 1
    },
    "cooldown": {
      "empty": 2.15,
      "tactical": 1.45
    }
  },
  "draw_time": 0.3,
  "put_away_time": 0.3,
  "aim_time": 0.125,
  "sprint_time": 0.08,
  "fire_mode": [
    "semi",
    "auto"
  ],
  "allow_attachment_types": [
    "muzzle",
    "extended_mag"
  ],
  "recoil": {
    "pitch": [
      {"time": 0, "value": [0.3, 0.3]},
      {"time": 0.25, "value": [0.3, 0.3]},
      {"time": 0.5, "value": [-0.12, -0.12]},
      {"time": 0.7, "value": [0.03, 0.03]},
      {"time": 1.0, "value": [0, 0]}
    ],
    "yaw": [
      {"time": 0, "value": [-0.15, 0.15]},
      {"time": 0.25, "value": [-0.15, 0.15]},
      {"time": 1, "value": [0, 0]}
    ]
  },
  "inaccuracy": {
    "stand": 1.5,
    "move": 2,
    "sneak": 1.25,
    "lie": 0.5,
    "aim": 0.1
  }
}