{
  "ammo": "create_armorer:rbapb",
  "ammo_amount": 8,
  "extended_mag_ammo_amount": [
    10,
    12,
    14
  ],
  "bolt": "open_bolt",
  "rpm": 150,
  "bullet": {
    "life": 1,
    "bullet_amount": 1,
    "damage": 10,
    "tracer_count_interval": 0,
    "extra_damage": {
      "armor_ignore": 0.45,
      "head_shot_multiplier": 2,
      "damage_adjust": [
        {"distance": 25, "damage": 10},
        {"distance": 50, "damage": 12},
        {"distance": "infinite", "damage": 12}
      ]
    },
    "speed": 320,
    "gravity": 0.0245,
    "knockback": 0,
    "friction": 0.01,
    "ignite": false,
    "pierce": 2
  },
  "reload": {
    "type": "magazine",
    "feed": {
      "empty": 2.38,
      "tactical": 2.38
    },
    "cooldown": {
      "empty": 3.21,
      "tactical": 3.21
    }
  },
  "draw_time": 0.71,
  "put_away_time": 0.42,
  "aim_time": 0.2,
  "sprint_time": 0.2,
  "fire_mode": [
    "semi"
  ],
  "recoil": {
    "pitch": [
      {"time": 0, "value": [2.25, 2.25]},
      {"time": 0.3, "value": [2.25, 2.25]},
      {"time": 0.5, "value": [-0.4, -0.4]},
      {"time": 0.8, "value": [0.125, 0.125]},
      {"time": 1.1, "value": [0, 0]},
      {"time": 1.4, "value": [0, 0]}
    ],
    "yaw": [
      {"time": 0, "value": [-0.45, 0.45]},
      {"time": 0.3, "value": [-0.45, 0.45]},
      {"time": 0.5, "value": [0, 0]}
    ]
  },
  "inaccuracy": {
    "stand": 3,
    "move": 3.5,
    "sneak": 1.5,
    "lie": 0.8,
    "aim": 0.1
  },
  "melee": {
    "distance": 1,
    "cooldown": 0.75,
    "default": {
      "animation_type": "melee_stock",
      "distance": 1.5,
      "range_angle": 45,
      "damage": 6,
      "knockback": 0.5,
      "prep": 0.1
    }
  },
  "allow_attachment_types": [
    "grip",
    "extended_mag",
    "scope"
  ]
}