{
        "initializer":{
          "lifetime": "80",
          "alpha": "1",
          "size": "0",
          "custom": "gaussian()"
        },
        "ticker": {
            "dx": "(0.1) * sin((0.15 * AGE)) + 0.25 + CUSTOM*0.05 + RAIN*0.5",
            "dy": "(0.035) * sin((0.35 * AGE))",
            "dz": "(0.05) * cos((0.15 * AGE))",
            "size": "0.15 * sin((0.0375 * AGE))",
            "roll": "(CUSTOM*10) * sin((0.05 * AGE))"
        },
        "random_sprite": true,
        "liquid_affinity": "non_liquids",
        "render_type": "opaque",
        "rotation_mode": "movement_aligned",
        "has_physics": true,
        "kill_on_contact": true,
        "kill_when_still": false,
        "colormap": "davidparticles:colormap_foliage_acacia",
        "offset": [0, 0, 0]
}