{
        "initializer":{
          "lifetime": "80",
          "alpha": "1",
          "size": "0",
          "custom": "gaussian()"
        },
        "ticker": {
            "dx": "(CUSTOM*0.01) * sin((0.1 * AGE))",
            "dy": "0.035",
            "dz": "(CUSTOM*0.01) * cos((0.1 * AGE))",
            "size": "(0.1) * sin((0.0325 * AGE))",
            "roll": "(CUSTOM*0.05) * cos((0.005 * AGE))",
            "remove_condition": "max(0, min(((1 - ((abs(POS_X - PLAYER_X) + abs(POS_Z - PLAYER_Z)) / 15)^2)), ((1 - ((abs(POS_Y - PLAYER_Y)) / 10)^1)))) == 0"
        },
        "random_sprite": false,
        "rotation_mode": "movement_aligned",
        "liquid_affinity": "liquids",
        "render_type": "opaque",
        "has_physics": false,
        "exclusion_radius": 1,
        "kill_on_contact": false,
        "kill_when_still": false,
        "offset": [0, 0, 0],
        "sound_emitters": [
    {
      "sound": "minecraft:block.bubble_column.upwards_ambient",
      "chance": "AGE == 1",
      "pitch": "0.1+gaussian()*0.3",
      "volume": "0.25"
    }
  ]
}