{
        "initializer":{
          "lifetime": "80",
          "alpha": "1",
          "size": "0",
          "red": "1",
          "green": "1",
          "blue": "1",
          "custom": "gaussian()"
        },
        "ticker": {
            "dx": "(CUSTOM*0.01) * sin((0.01 * AGE))",
            "dy": " (CUSTOM*0.005) * cos((0.1 * AGE)) - 0.015",
            "dz": "(CUSTOM*0.01) * cos((0.01 * AGE))",
            "size": "(CUSTOM*0.025 + 0.01) * sin((0.0375 * AGE))",
            "remove_condition": "sqrt(DISTANCE_SQUARED) > 15"
        },
        "render_type": "translucent",
        "liquid_affinity": "non_liquids",
        "random_sprite": true,
        "has_physics": true,
        "hitbox_size": 0.25,
        "exclusion_radius": 2
}