{
  "initializer":{
    "lifetime": "120",
    "size": "3.5",
    "alpha": "0",
    "roll": "0.001"
  },
      "ticker": {
        "alpha": "max(0, tanh(((abs(POS_X - PLAYER_X) + abs(POS_Z - PLAYER_Z)) / 15)))*(0.5 * sin((0.025 * AGE)))",
        "roll": "max(0, ROLL+0.001)",
        "dx": "(rand()/75 + (DX * 0.5))*0.1",
        "dy": "0.001",
        "dz": "(rand()/75 + (DZ * 0.5))*0.1"
        },
  "render_type": "additive_translucent",
  "liquid_affinity": "non_liquids",
  "exclusion_radius": 3,
  "has_physics": false,
  "lit": true,
  "light_level": 15,
  "offset": [0, -10, 0]
}