{
  "initializer":{
    "lifetime": "40",
    "size": "5",
    "alpha": "0",
    "dy": "(rand()*0.5)",
    "hitbox_size": 2.5,
    "roll": "0.001"
  },
      "ticker": {
        "custom": "(0.025 + RAIN*0.15) * sin((0.075 * AGE))*2",
        "alpha": "max(0, min(((1 - ((abs(POS_X - PLAYER_X) + abs(POS_Z - PLAYER_Z)) / 12.5)^2)), ((1 - ((abs(POS_Y - PLAYER_Y)) / 6)^2))))*CUSTOM",
        "roll": "max(0, ROLL+0.001)",
        "dx": "(rand()/75 + (DX * 0.5))*0.1 + RAIN*0.25",
        "dy": "0.1 * sin((0.15 * AGE))",
        "dz": "0.15 * sin((0.2 * AGE))",
        "remove_condition": "sqrt(DISTANCE_SQUARED) > 20"
        },
  "render_type": "additive_translucent",
  "liquid_affinity": "any",
  "exclusion_radius": 2,
  "has_physics": true,
  "kill_on_contact": true,
  "offset": [0, 0, 0]
}