{
        "initializer":{
          "lifetime": "10",
          "alpha": "0",
          "size": "1",
          "hitbox_size": 0.25
        },
        "ticker": {
          "dx": "0",
          "dz": "0",
          "dy": "0"
        },
        "liquid_affinity": "non_liquids",
        "render_type": "translucent",
        "rotation_mode": "look_up",
        "has_physics": true,
        "kill_on_contact": false,
        "exclusion_radius": 1,
        "kill_when_still": false,
         "particle_emitters": [
    {
      "particle": "davidparticles:dust_check2_2",
      "chance": "(AGE == 1)", 
      "x": "sin(1)*0.5",
      "y": "0.0",
      "z": "cos(1)*0.5"
      },
    {
      "particle": "davidparticles:dust_check1_1",
      "chance": "(AGE == 1)", 
      "x": "sin(3)*0.5",
      "y": "0.0",
      "z": "cos(3)*0.5"
    },
    {
      "particle": "davidparticles:dust_check2_2",
      "chance": "(AGE == 1)", 
      "x": "sin(5)*0.5",
      "y": "0.0",
      "z": "cos(5)*0.5"
    },
    {
      "particle": "davidparticles:dust_check1",
      "chance": "(AGE == 1)*0.5", 
      "x": "sin(4)*0.5",
      "y": "0.0",
      "z": "cos(4)*0.5"
    },
    {
      "particle": "davidparticles:dust_check2_2",
      "chance": "(AGE == 1)*0.5", 
      "x": "sin(6)*0.25",
      "y": "0.0",
      "z": "cos(6)*0.25"
    }
  ]
}