{
        "initializer":{
          "lifetime": "120",
          "alpha": "1",
          "size": "0",
          "red": "1",
          "green": "1",
          "blue": "1",
          "dy": "(rand()*0.5)-10",
          "roll": "rand()"
        },
        "ticker": {
            "dx": "0.1 * sin((0.005 * AGE))+0.025",
            "dy": "0.01 * sin((0.075 * AGE))+0.02",
            "dz": "0.1 * cos((0.005 * AGE))-0.08",
            "size": "0.15 * sin((0.025 * AGE))",
            "roll": "ROLL*1.01"
        },
        "liquid_affinity": "non_liquids",
        "lit": true,
        "light_level": 15,
        "random_sprite": true,
        "has_physics": false,
        "render_type": "additive_translucent",
        "offset": [-0.5, -0.5, 0]
}