{
  "initializer":{
    "lifetime": "120",
    "size": "3.5",
    "alpha": "0",
    "dy": "(rand()*0.5)",
    "roll": "0.001"
  },
      "ticker": {
        "alpha": "0.35 * sin((0.025 * AGE))",
        "roll": "max(0, ROLL+0.001)",
        "dx": "(rand()/75 + (DX * 0.5))*0.1",
        "dy": "0.001",
        "dz": "(rand()/75 + (DZ * 0.5))*0.1",
        "remove_condition": "max(0, min(((1 - ((abs(POS_X - PLAYER_X) + abs(POS_Z - PLAYER_Z)) / 20)^2)), ((1 - ((abs(POS_Y - PLAYER_Y)) / 20)^2)))) == 0"
        },
  "render_type": "additive_translucent",
  "liquid_affinity": "non_liquids",
  "exclusion_radius": 3,
  "has_physics": false,
  "lit": true,
  "light_level": 15,
  "offset": [0, 0, 0]
}