{
  "initializer":{
    "lifetime": "60",
    "size": "5",
    "alpha": "0",
    "dy": "(rand()*0.5)",
    "roll": "0.001"
  },
      "ticker": {
        "alpha": "max(0, tanh(((abs(POS_X - PLAYER_X) + abs(POS_Z - PLAYER_Z)) / 5))) * ((( (PLAYER_X - POS_X)^2 + (PLAYER_Z - POS_Z)^2 ) <= (12.5 * 12.5)) * ((12.5 * 12.5) - ((PLAYER_X - POS_X)^2 + (PLAYER_Z - POS_Z)^2))) / (12.5 * 12.5 - 1*1) * (0.25 * sin(0.05 * AGE))",
        "roll": "max(0, ROLL+0.0015)",
        "dx": "(rand()/75 + (DX * 0.5))*0.1",
        "dy": "0.015",
        "dz": "(rand()/75 + (DZ * 0.5))*0.1",
        "remove_condition": "max(0, min(((1 - ((abs(POS_X - PLAYER_X) + abs(POS_Z - PLAYER_Z)) / 20)^2)), ((1 - ((abs(POS_Y - PLAYER_Y)) / 20)^2)))) == 0"
        },
  "render_type": "additive_translucent",
  "liquid_affinity": "non_liquids",
  "exclusion_radius": 5,
  "has_physics": false,
  "offset": [0, 2.5, 0]
}