{
        "initializer":{
          "lifetime": "40",
          "alpha": "1",
          "size": "0",
          "custom": "gaussian()",
          "hitbox_size": 0.25
        },
        "ticker": {
          "dx": "0.025 * sin(atan2(PLAYER_Z - POS_Z, PLAYER_X - POS_X) + pi) + RAIN*0.1",
          "dz": "0.025 * cos(atan2(PLAYER_Z - POS_Z, PLAYER_X - POS_X) + pi)",
          "dy": "(0.025 * sin(0.175 * AGE))",
          "size": "(0.15 * sin(0.075 * AGE))",
          "roll": "(CUSTOM*5) * sin((0.025 * AGE))"
        },
        "liquid_affinity": "non_liquids",
        "random_sprite": true,
        "rotation_mode": "movement_aligned",
        "render_type": "opaque",
        "has_physics": false,
        "kill_on_contact": false,
        "exclusion_radius": 0,
        "kill_when_still": false
}