{
  "initializer":{
    "lifetime": "120",
    "size": "5",
    "alpha": "0",
    "dy": "(rand()*0.5)",
    "roll": "0.001",
    "red": "1",
    "green": "1",
    "blue": "1"
  },
      "ticker": {
        "alpha": "0.35 * sin((0.025 * AGE))",
        "roll": "max(0, ROLL+0.001)",
        "dx": "(rand()/75 + (DX * 0.5))*0.1",
        "dy": "0.001",
        "dz": "(rand()/75 + (DZ * 0.5))*0.1"
        },
  "render_type": "additive_translucent",
  "liquid_affinity": "non_liquids",
  "exclusion_radius": 1,
  "has_physics": false,
  "lit": true,
  "light_level": 5,
  "offset": [0, 0, 0],
   "colormap": "davidparticles:colormap_fog"
}