{
  "initializer": {
    "lifetime": "40",
    "alpha": "0",
    "size": "0"
  },
  "ticker": {
  },
  "particle_emitters": [
    {
      "particle": "davidparticles:lightrays",
      "chance": "(AGE == 1)", 
      "x": "0.0",
      "y": "0.0",
      "z": "0.0",
      "state_predicate": {
        "predicate_type": "block_match",
        "block": "minecraft:air"
      }
    },
    {
      "particle": "davidparticles:lightrays",
      "chance": "(AGE == LIFETIME*0.5)", 
      "x": "0",
      "y": "0",
      "z": "0",
      "state_predicate": {
        "predicate_type": "block_match",
        "block": "minecraft:air"
      }
    },
    {
      "particle": "davidparticles:lightrays_fog",
      "chance": "0", 
      "x": "0.0",
      "y": "0.0",
      "z": "0.0",
      "state_predicate": {
        "predicate_type": "block_match",
        "block": "minecraft:air"
      }
    }
  ],
  "tick_rate": 1,
  "has_physics": false,
  "offset": [0, 0, 0],
  "liquid_affinity": "non_liquids",
  "exclusion_radius": 2
}