{
  "initializer":{
    "lifetime": "120",
    "size": "4",
    "alpha": "0",
    "dy": "(rand()*0.5)",
    "roll": "0.001",
    "red": "1",
    "green": "1",
    "blue": "1"
  },
      "ticker": {
        "alpha": "max(0, tanh(((abs(POS_X - PLAYER_X) + abs(POS_Z - PLAYER_Z)) / 5))) * ((( (PLAYER_X - POS_X)^2 + (PLAYER_Z - POS_Z)^2 ) <= (12.5 * 12.5)) * ((12.5 * 12.5) - ((PLAYER_X - POS_X)^2 + (PLAYER_Z - POS_Z)^2))) / (12.5 * 12.5 - 1*1) * ((0.3) * sin(0.025 * AGE))",
        "roll": "max(0, ROLL+0.001)",
        "dx": "0",
        "dy": "0.001",
        "dz": "0",
        "remove_condition": "max(0, min(((1 - ((abs(POS_X - PLAYER_X) + abs(POS_Z - PLAYER_Z)) / 20)^2)), ((1 - ((abs(POS_Y - PLAYER_Y)) / 20)^2)))) == 0"
        },
  "render_type": "additive_translucent",
  "liquid_affinity": "non_liquids",
  "exclusion_radius": 3,
  "has_physics": false,
  "lit": true,
  "light_level": 5,
  "offset": [0, -1, 0],
   "colormap": "davidparticles:colormap_fog"
}