{
        "initializer":{
          "lifetime": "160",
          "alpha": "1",
          "size": "0",
          "red": "1",
          "green": "1",
          "blue": "1",
          "roll": "0.75",
          "custom": "gaussian()"
        },
        "ticker": {
            "dx": "(CUSTOM*0.035) * sin((0.005 * AGE))",
            "dy": "(CUSTOM*0.01) * cos((0.05 * AGE))",
            "dz": "(CUSTOM*0.035) * cos((0.005 * AGE))",
            "size": "(CUSTOM*0.2 + 0.1) * sin((0.01875 * AGE))",
            "roll": "ROLL*1.01",
            "remove_condition": "sqrt(DISTANCE_SQUARED) > 15"
        },
        "random_sprite": true,
        "liquid_affinity": "non_liquids",
        "render_type": "translucent",
        "has_physics": true,
        "kill_on_contact": false,
        "exclusion_radius": 1,
        "hitbox_size": 0.25,
        "kill_when_still": false
}