{
        "initializer":{
          "lifetime": "7.5",
          "alpha": "0.25",
          "size": "rand()*0.3 + 0.1",
          "dx": "0",
          "dy": "0",
          "dz": "0",
          "red": "1",
          "green": "1",
          "blue": "1"
        },
        "ticker": {
          "alpha": "max(0, ALPHA - 0.03)",
          "size": "max(0, SIZE*1.05)",
          "dx": "0",
          "dy": "0",
          "dz": "0",
          "remove_condition": "max(0, min(((1 - ((abs(POS_X - PLAYER_X) + abs(POS_Z - PLAYER_Z)) / 20)^2)), ((1 - ((abs(POS_Y - PLAYER_Y)) / 20)^2)))) == 0"
        },
        "has_physics": false,
        "render_type": "additive_translucent",
        "offset": [0, 0.001, 0],
        "rotation_mode": "look_up",
        "particle_emitters": [
     {
       "particle": "davidparticles:rain_splash",
       "x": "gaussian()*0.01", 
       "z": "gaussian()*0.01",
       "y": "0",
       "chance": "AGE == 1"
     },
     {
       "particle": "davidparticles:rain_splash_1",
       "x": "gaussian()*0.01", 
       "z": "gaussian()*0.01",
       "y": "0",
       "chance": "AGE == 1"
     }
  ],
  "colormap": "davidparticles:sunset_sky"
}