{
        "initializer":{
          "lifetime": "40",
          "alpha": "0",
          "size": "4",
          "red": "1",
          "green": "1",
          "blue": "1",
          "hitbox_size": 0.5
        },
        "ticker": {
          "alpha": "(max(0, min(((1 - ((abs(POS_X - PLAYER_X) + abs(POS_Z - PLAYER_Z)) / 30)^3)), ((1 - ((abs(POS_Y - PLAYER_Y)) / 15)^2)))))*(0.45)* sin((0.075 * AGE))",
            "dx": "0.25 + RAIN*0.5",
            "dy": "0.25 * cos((0.05 * TIME)) - RAIN*0.1",
            "dz": "0.05 * sin((0.01 * TIME))*(-1)",
            "size": "max(0, SIZE-0.005)",
            "roll": "ROLL+0.025",
            "remove_condition": "sqrt(DISTANCE_SQUARED) > 20"
        },
        "random_sprite": true,
        "liquid_affinity": "non_liquids",
        "render_type": "translucent",
        "lit": true,
        "light_level": 5,
        "has_physics": true,
        "kill_on_contact": true,
        "kill_when_still": true,
        "offset": [0, -0.5, 0],
        "exclusion_radius": 3,
        "colormap": "davidparticles:colormap_sandstorm"
}