{
        "initializer":{
          "lifetime": "80",
          "alpha": "1",
          "size": "0",
          "hitbox_size": 1,
          "custom": "gaussian()"
        },
        "ticker": {
          "alpha": "max(0, min(((1 - ((abs(POS_X - PLAYER_X) + abs(POS_Z - PLAYER_Z)) / 12.5)^2)), ((1 - ((abs(POS_Y - PLAYER_Y)) / 10)^1))))",
            "dx": "(CUSTOM*0.025) * sin((0.1 * AGE)) + RAIN*0.275 + (CUSTOM*0.025) * sin((0.01 * AGE))*(RAIN > 0)",
            "dy": "-0.025 - RAIN*0.1 + (RAIN > 0.5)*RAIN*0.075 + (RAIN > 0.5)*(RAIN*0.05 * sin((0.05 * TIME)))",
            "dz": "(CUSTOM*0.025 + RAIN*0.05) * cos((0.1 * AGE))",
            "size": "(CUSTOM*0.01 + 0.15) * sin((0.0375 * AGE))",
            "roll": "(CUSTOM*RAIN*5) * sin((0.05 * AGE))",
            "remove_condition": "sqrt(DISTANCE_SQUARED) > 15"
        },
        "random_sprite": true,
        "liquid_affinity": "non_liquids",
        "render_type": "translucent",
        "rotation_mode": "look_at_xyz",
        "has_physics": true,
        "lit": true,
        "light_level": 5,
        "exclusion_radius": 1,
        "kill_on_contact": true,
        "kill_when_still": false,
        "offset": [0, 0, 0]
}