{
        "initializer":{
          "lifetime": "80",
          "alpha": "1",
          "size": "0",
          "custom": "gaussian()"
        },
        "ticker": {
            "dx": "(CUSTOM*0.01) * sin((0.1 * AGE))",
            "dy": "0.05",
            "dz": "(CUSTOM*0.01) * cos((0.1 * AGE))",
            "size": "(CUSTOM*0.05 + 0.075) * sin((0.0375 * AGE))",
            "roll": "(CUSTOM*0.05) * cos((0.005 * AGE))",
            "remove_condition": "max(0, min(((1 - ((abs(POS_X - PLAYER_X) + abs(POS_Z - PLAYER_Z)) / 15)^2)), ((1 - ((abs(POS_Y - PLAYER_Y)) / 10)^1)))) == 0"
        },
        "random_sprite": true,
        "liquid_affinity": "liquids",
        "render_type": "additive_translucent",
        "has_physics": true,
        "kill_on_contact": true,
        "kill_when_still": false,
        "offset": [0, 0, 0],
        "colormap": "davidparticles:colormap_fog"
}