{
   "targets": ["minecraft:cherry_leaves"],
   "particle_emitters": [
     {
       "particle": "davidparticles:cherry_leaves",
       "chance": "0.025 + RAIN*0.025 + (RAIN > 0.75)*0.1",
       "x": "0", 
       "z": "0",
       "y": "-0.5",
       "spawn_location": "lower_corner"
     },
     {
       "particle": "davidparticles:cherry_leaves_group",
       "chance": "0.0025 - RAIN*2",
       "x": "5", 
       "z": "0",
       "y": "0.75",
       "spawn_location": "lower_corner"
     },
      {
       "particle": "davidparticles:wind",
       "chance": "0.005 - RAIN*2",
       "x": "gaussian()*5", 
       "z": "gaussian()*5",
       "y": "5",
       "spawn_location": "lower_corner"
     }
     ]
}