{
   "targets": ["minecraft:air"],
   "particle_emitters": [
    {
       "particle": "davidparticles:sand_mote",
       "x": "0",
       "chance": "(0.0005 + RAIN*0.0025)*(SKY_LIGHT == 15)",
       "biomes": ["minecraft:desert",
                  "minecraft:badlands",
                  "minecraft:eroded_badlands",
                  "minecraft:wooded_badlands"]
     },
     {
       "particle": "davidparticles:sand_mote_emit",
       "chance": "(RAIN > 0.5)*0.01*(SKY_LIGHT == 15)",
       "x": "-10", 
       "z": "0",
       "y": "0",
       "biomes": ["minecraft:desert",
                  "minecraft:badlands",
                  "minecraft:eroded_badlands",
                  "minecraft:wooded_badlands"]
     },
     {
       "particle": "davidparticles:sand_mote_group",
       "chance": "(0.00015 + RAIN*0.0075 - (RAIN > 0.5))*(SKY_LIGHT == 15)",
       "x": "-15",
       "biomes": ["minecraft:desert",
                  "minecraft:badlands",
                  "minecraft:eroded_badlands",
                  "minecraft:wooded_badlands"]
     },
     {
       "particle": "davidparticles:dust",
       "chance": "RAIN*0.0125*(SKY_LIGHT == 15)",
       "biomes": ["minecraft:desert",
                  "minecraft:badlands",
                  "minecraft:eroded_badlands",
                  "minecraft:wooded_badlands"]
     },
     {
       "particle": "davidparticles:sand_cloud",
       "chance": "RAIN * 0",
       "x": "rand() - 10", 
       "z": "rand() + cos(TIME)+0.5",
       "y": "22.5",
       "dy": "0.001 + rand()*0.001",
       "biomes": ["minecraft:desert",
                  "minecraft:badlands",
                  "minecraft:eroded_badlands",
                  "minecraft:wooded_badlands"]
     }
    ] 
}