{
   "targets": ["minecraft:stone", "#minecraft:dirt", "#minecraft:planks", "#minecraft:logs", "#minecraft:sand",
                "minecraft:cobblestone", "minecraft:cobblestone_stairs", "minecraft:mossy_cobblestone",
                "minecraft:mossy_cobblestone_stairs", "minecraft:smooth_stone", "#minecraft:stone_bricks",
                "minecraft:granite", "minecraft:granite:stairs", "minecraft:polished_granite", "minecraft:polished_granite:stairs",
                "minecraft:diorite", "minecraft:diorite_stairs", "minecraft:polished_diorite", "minecraft:polished_diorite_stairs",
                "minecraft:andesite", "minecraft:andesite_stairs", "minecraft:polished_andesite", "minecraft:polished_andesite_stairs",
                "minecraft:deepslate", "minecraft:cobbled_deepslate", "minecraft:cobbled_deepslate_stairs", "minecraft:chiseled_deepslate",
                "minecraft:polished_deepslate", "minecraft:polished_deepslate_stairs", "minecraft:deepslate_bricks",
                "minecraft:cracked_deepslate_bricks", "minecraft:deepslate_brick_stairs", "minecraft:deepslate_tiles",
                "minecraft:cracked_deepslate_tiles", "minecraft:deepslate_tile_stairs", "minecraft:deepslate_tiles",
                "minecraft:reinforced_deepslate", "minecraft:tuff", "minecraft:tuff_stairs", "minecraft:chiseled_tuff",
                "minecraft:polished_tuff", "minecraft:polished_tuff_stairs", "minecraft:tuff_bricks", "minecraft:tuff_brick_stairs",
                "minecraft:chiseled_tuff_bricks", "minecraft:bricks", "minecraft:brick_stairs", "minecraft:packed_mud", "minecraft:mud_bricks",
                "minecraft:mud_brick_stairs", "minecraft:resin_bricks", "minecraft:resin_brick_stairs", "minecraft:chiseled_resin_bricks",
                "minecraft:sandstone", "minecraft:sandstone_stairs", "minecraft:chiseled_sandstone", "minecraft:smooth_sandstone",
                "minecraft:smooth_sandstone_stairs", "minecraft:cut_sandstone", "minecraft:red_sandstone", "minecraft:red_sandstone_stairs",
                "minecraft:chiseled_red_sandstone", "minecraft:smooth_red_sandstone", "minecraft:smooth_red_sandstone_stairs",
                "minecraft:cut_red_sandstone", "minecraft:prismarine", "minecraft:prismarine_stairs", "minecraft:prismarine_bricks",
                "minecraft:prismarine_brick_stairs", "minecraft:dark_prismarine", "minecraft:dark_prismarine_stairs",
                "minecraft:netherrack", "minecraft:nether_bricks", "minecraft:cracked_nether_bricks", "minecraft:nether_brick_stairs",
                "minecraft:chiseled_nether_bricks", "minecraft:red_nether_bricks", "minecraft:red_nether_brick_stairs",
                "minecraft:basalt", "minecraft:smooth_basalt", "minecraft:polished_basalt", "minecraft:blackstone", "minecraft:gilded_blackstone",
                "minecraft:blackstone_stairs", "minecraft:chiseled_polished_blackstone", "minecraft:polished_blackstone", "minecraft:polished_blackstone_stairs",
                "minecraft:polished_blackstone_bricks", "minecraft:cracked_polished_blackstone_bricks", "minecraft:polished_blackstone_brick_stairs",
                "minecraft:end_stone", "minecraft:end_stone_bricks", "minecraft:end_stone_brick_stairs", "minecraft:end_stone", "minecraft:purpur_block",
                "minecraft:purpur_pillar", "minecraft:purpur_stairs", "minecraft:coal_block", "minecraft:iron_block", "minecraft:gold_block",
                "minecraft:redstone_block", "minecraft:emerald_block", "minecraft:lapis_block", "minecraft:diamond_block", "minecraft:netherite_block",
                "minecraft:purpur_block", "minecraft:quartz_block", "minecraft:quartz_stairs", "minecraft:chiseled_quartz_block",
                "minecraft:quartz_bricks", "minecraft:quartz_pillar", "minecraft:smooth_quartz", "minecraft:smooth_quartz_stairs",
                "minecraft:amethyst_block", "#minecraft:wool", "#minecraft:terracotta", "minecraft:mycelium", "minecraft:gravel",
                "#minecraft:ice", "#minecraft:snow", "minecraft:pale_moss_block", "minecraft:obsidian", "#minecraft:nylium",
                "minecraft:soul_soil"],
   "particle_emitters": [
     {
       "particle": "davidparticles:dust_check2",
       "chance": "max(0, 1 - (abs(POS_X - PLAYER_X) + abs(POS_Z - PLAYER_Z)) / 1)*((POS_Y + 1 ) < PLAYER_Y)*100*(PLAYER_SPEED_SQUARED > 0.02)",
       "x": "0 - POS_X + PLAYER_X", 
       "z": "0 - POS_Z + PLAYER_Z",
       "y": "1.01",
       "spawn_location": "lower_corner"
     }
     ]
}