{
   "targets": ["minecraft:grass_block", "minecraft:sand"],
   "particle_emitters": [
    {
       "particle": "davidparticles:forest_fog",
       "chance": "0.45",
       "x": "0", 
       "z": "0",
       "y": "4",
       "dy": "0.001 + rand()*0.001",
       "biomes": ["minecraft:forest",
                  "minecraft:taiga",
                  "minecraft:snowy_taiga",
                  "minecraft:old_growth_pine_taiga",
                  "minecraft:old_growth_spruce_taiga",
                  "minecraft:flower_forest",
		            "minecraft:old_growth_birch_forest",
                  "minecraft:dark_forest",
                  "minecraft:birch_forest",
                  "minecraft:flower_forest"],
      "spawn_location": "lower_corner"
     },
     {
       "particle": "davidparticles:plains_fog",
       "chance": "0.1",
       "x": "0", 
       "z": "0",
       "y": "4",
       "dy": "0.001 + rand()*0.001",
       "biomes": ["minecraft:plains", 
                  "minecraft:sunflower_plains",
                  "minecraft:mushroom_fields",
                  "minecraft:meadow",
                  "minecraft:cherry_grove",
                  "minecraft:snowy_plains",
                  "minecraft:snowy_slopes",
                  "minecraft:desert"],
      "spawn_location": "lower_corner"
     },
     {
       "particle": "davidparticles:swamp_dust",
       "chance": "0.015",
       "x": "5 * cos((5 * TIME))", 
       "z": "5 * cos((5 * TIME))",
       "y": "5 * cos((5 * TIME))+rand()*2.5+3",
       "biomes": ["minecraft:forest",
                  "minecraft:taiga",
                  "minecraft:old_growth_pine_taiga",
                  "minecraft:old_growth_spruce_taiga",
                  "minecraft:dark_forest"],
      "spawn_location": "lower_corner"
     }
     ]
}