{
   "targets": ["minecraft:air"],
   "particle_emitters": [
     {
       "particle": "davidparticles:lava_vapor_big",
       "chance": "0.001",
       "x": "rand() + cos(TIME)+0.5", 
       "z": "rand() + cos(TIME)+0.5",
       "y": "2 + rand()",
       "dx": "0",
       "dy": "0.001 + rand()*0.001",
       "dz": "0",
       "biomes": ["minecraft:nether_wastes", "minecraft:crimson_forest", "minecraft:basalt_deltas"]
     },
      {
       "particle": "davidparticles:nether_lightray",
       "chance": "0.01",
       "x": "rand() + cos(TIME)+0.5", 
       "z": "rand() + cos(TIME)+0.5",
       "y": "2 + rand()",
       "biomes": ["minecraft:nether_wastes", "minecraft:crimson_forest", "minecraft:basalt_deltas", "minecraft:warped_forest"]
     }
     ]
}