{
   "targets": ["minecraft:water"],
   "particle_emitters": [
    {
       "particle": "davidparticles:rain_fog",
       "chance": "RAIN*0.001",
       "x": "0", 
       "z": "0",
       "y": "10",
       "dy": "0.001 + rand()*0.001",
       "biomes": ["minecraft:plains",
                  "minecraft:windswept_hills",
                  "minecraft:windswept_forest",
                  "minecraft:windswept_gravelly_hills",
                  "minecraft:stony_shore",
                  "minecraft:river",
                  "minecraft:beach",
                  "minecraft:birch_forest",
                  "minecraft:sunflower_plains",
                  "minecraft:flower_forest",
                  "minecraft:old_growth_birch_forest",
                  "minecraft:meadow",
                  "minecraft:forest",
                  "minecraft:cherry_grove",
                  "minecraft:cold_ocean",
                  "minecraft:deep_cold_ocean",
                  "minecraft:dark_forest",
                  "minecraft:mushroom_fields",
                  "minecraft:ocean",
                  "minecraft:deep_ocean",
                  "minecraft:taiga",
                  "minecraft:old_growth_pine_taiga",
                  "minecraft:old_growth_spruce_taiga",
                  "minecraft:warm_ocean",
                  "minecraft:lukewarm_ocean",
                  "minecraft:deep_lukewarm_ocean",
                  "minecraft:swamp",
                  "minecraft:mangrove_swamp",
                  "minecraft:jungle",
                  "minecraft:bamboo_jungle",
                  "minecraft:sparse_jungle"
  ],
  "spawn_location": "lower_corner"
     }    
     ]
}