{
   "targets": ["minecraft:grass_block"],
   "particle_emitters": [
    {
       "particle": "davidparticles:swamp_fog",
       "chance": "0.45",
       "x": "0", 
       "z": "0",
       "y": "4",
       "dy": "0.001 + rand()*0.001",
       "biomes": ["minecraft:swamp", "minecraft:mangrove_swamp"]
     },
     {
       "particle": "davidparticles:swamp_rain",
       "chance": "0.005 - RAIN*2",
       "x": "0", 
       "z": "0",
       "y": "20",
       "biomes": ["minecraft:swamp", "minecraft:mangrove_swamp"]
     },
     {
       "particle": "davidparticles:swamp_dust",
       "chance": "0.015",
       "x": "5 * cos((5 * TIME))", 
       "z": "5 * cos((5 * TIME))",
       "y": "5 * cos((5 * TIME))+rand()*2.5+1",
       "biomes": ["minecraft:swamp", "minecraft:mangrove_swamp"]
     }
     ]
}